snapped_at,price,market_cap,total_volume
2023-02-08 00:00:00 UTC,4.2273299648397655,0.0,401492569.3266245
2023-02-09 00:00:00 UTC,4.2273299648397655,0.0,401492569.3266245
2023-02-10 00:00:00 UTC,4.512726885382011,0.0,157440220.02625635
2023-02-11 00:00:00 UTC,2.895220696143325,0.0,161061265.38603738
2023-02-12 00:00:00 UTC,3.092231229057142,0.0,86198300.30927488
2023-02-13 00:00:00 UTC,2.9476124989191628,0.0,46849053.34632934
2023-02-14 00:00:00 UTC,2.916156545073496,142640847.09682786,39448630.94241704
2023-02-15 00:00:00 UTC,2.987135213737356,147620930.14971563,61573404.47950591
2023-02-16 00:00:00 UTC,3.4758908476145023,175108386.07149172,60635558.447506204
2023-02-17 00:00:00 UTC,2.9807526941303433,152369284.53592622,81900844.54653917
2023-02-18 00:00:00 UTC,3.1355815303049046,175539892.70167783,48631509.60300344
2023-02-19 00:00:00 UTC,3.0899554291117597,173978373.84554255,42906312.41146005
2023-02-20 00:00:00 UTC,2.967137435091241,168257151.1634878,31677937.014603175
2023-02-21 00:00:00 UTC,3.200692975473479,180804729.52921063,62345201.65621056
2023-02-22 00:00:00 UTC,3.058041794108437,174907264.81219113,38569753.3276317
2023-02-23 00:00:00 UTC,3.035552217449183,175364095.88780195,37790153.989663884
2023-02-24 00:00:00 UTC,3.0188073800036213,174262502.51786458,26798167.501035657
2023-02-25 00:00:00 UTC,2.800877909213775,172967222.27511013,36934852.5605777
2023-02-26 00:00:00 UTC,2.895781627851491,179616101.06177527,46008061.86281661
2023-02-27 00:00:00 UTC,2.8973787273458056,179738357.07860905,37444345.955405675
2023-02-28 00:00:00 UTC,2.8975766266445024,180494911.2399865,40601197.75879896
2023-03-01 00:00:00 UTC,3.0933905617303665,191978215.63831925,69932176.01347116
2023-03-02 00:00:00 UTC,3.084954578229058,192461059.51268056,53672001.30569481
2023-03-03 00:00:00 UTC,2.9528093425311868,184514781.64601892,41393749.059993185
2023-03-04 00:00:00 UTC,2.8818973382792383,180498016.6753301,35518560.56728569
2023-03-05 00:00:00 UTC,2.9264654918131825,184090389.72458446,32801842.024008915
2023-03-06 00:00:00 UTC,2.8819070594699614,181163337.31751812,18535047.948645584
2023-03-07 00:00:00 UTC,2.8752821306506915,181108791.1627533,15848515.96290841
2023-03-08 00:00:00 UTC,2.8271721790793976,179469099.17975336,23750092.25927062
2023-03-09 00:00:00 UTC,2.73333994113811,174036629.07905722,27724271.517901756
2023-03-10 00:00:00 UTC,2.572628730696246,164156235.6683431,40462904.25750989
2023-03-11 00:00:00 UTC,2.270159869680821,146623476.68778047,83938265.40505774
2023-03-12 00:00:00 UTC,1.9946161056603824,130345318.08571394,56848263.085699156
2023-03-13 00:00:00 UTC,2.115760666967101,139105422.5758551,38381804.38854532
2023-03-14 00:00:00 UTC,2.2389480154773436,149775247.07671314,56283457.07921571
2023-03-15 00:00:00 UTC,2.1997084087655,148041184.87598157,78974372.38774395
2023-03-16 00:00:00 UTC,2.0436845546907305,138027453.95317006,47257652.27274856
2023-03-17 00:00:00 UTC,2.0962722518387267,141906978.00897437,35229089.126263976
2023-03-18 00:00:00 UTC,2.102306629673829,141967636.17260244,26253163.12813331
2023-03-19 00:00:00 UTC,1.9595882841543313,133194129.41543502,33100929.5022548
2023-03-20 00:00:00 UTC,2.002117566218366,136767365.18231004,25465742.67185851
2023-03-21 00:00:00 UTC,2.3370934654289193,162138695.26224455,73798686.78840429
2023-03-22 00:00:00 UTC,2.1605710263925357,150517911.7837405,81134315.77321418
2023-03-23 00:00:00 UTC,2.0782283465385745,145029878.38147086,55358120.11854294
2023-03-24 00:00:00 UTC,2.030053397686619,148813977.0027999,37648798.129549116
2023-03-25 00:00:00 UTC,1.9617285467990573,146381822.35681468,33070286.59841837
2023-03-26 00:00:00 UTC,1.974885877826638,147059608.36445498,13787540.016382363
2023-03-27 00:00:00 UTC,2.005315826788047,150534498.71401,19599338.090910133
2023-03-28 00:00:00 UTC,2.0037990755282733,153125575.75921834,19500080.219186418
2023-03-29 00:00:00 UTC,1.9613906553475853,149651789.03456697,28142978.48969428
2023-03-30 00:00:00 UTC,1.9405528725237184,148772446.66760793,21362194.728641517
2023-03-31 00:00:00 UTC,1.7239189909516295,132528873.9577243,38034230.86021092
2023-04-01 00:00:00 UTC,1.728499934321277,132966914.11857404,27538710.58118664
2023-04-02 00:00:00 UTC,1.698489735399676,131000365.65372355,13653910.026811214
2023-04-03 00:00:00 UTC,1.6551366796444889,128048387.9599337,11034840.76402646
2023-04-04 00:00:00 UTC,1.5712091652313722,121894321.89171745,17523025.701730862
2023-04-05 00:00:00 UTC,1.503054041221914,116613186.84742339,23564528.509011686
2023-04-06 00:00:00 UTC,1.5615662892589488,121785305.4351869,21308012.84247315
2023-04-07 00:00:00 UTC,1.6164678742211191,126064410.43882358,24807515.605985276
2023-04-08 00:00:00 UTC,1.5450640280885934,120328355.34189399,11571971.131296873
2023-04-09 00:00:00 UTC,1.5397704101310798,120093448.65724759,7488460.287960992
2023-04-10 00:00:00 UTC,1.5371589109855497,120872630.16794944,9413117.725134978
2023-04-11 00:00:00 UTC,1.5494414485563097,122909860.59072615,7768170.329645389
2023-04-12 00:00:00 UTC,1.536027543855942,130208734.84202687,9072922.852211757
2023-04-13 00:00:00 UTC,1.5066072564161899,128453695.18430445,14687089.308455713
2023-04-14 00:00:00 UTC,1.511674050385479,137823346.16515502,8366250.265396747
2023-04-15 00:00:00 UTC,1.5276388282003517,139960971.38935065,14018643.891978625
2023-04-16 00:00:00 UTC,1.800018911813808,165596628.1501089,31284897.048949305
2023-04-17 00:00:00 UTC,1.6978711123711534,156318480.42060924,32419492.908043128
2023-04-18 00:00:00 UTC,1.60471128841687,148301939.9958586,22504714.14775301
2023-04-19 00:00:00 UTC,1.6383312899811306,151246341.40585214,39726781.55479073
2023-04-20 00:00:00 UTC,1.5299707305937997,142097893.3783833,35236379.49159088
2023-04-21 00:00:00 UTC,1.5880412565572466,147050703.3590557,26731906.804038525
2023-04-22 00:00:00 UTC,1.527577804310071,142156956.8363274,16446335.53549808
2023-04-23 00:00:00 UTC,1.51763110339058,141412241.28955504,7191186.74347561
2023-04-24 00:00:00 UTC,1.5756239911450978,159584594.9083681,16827949.562944695
2023-04-25 00:00:00 UTC,1.5328089172278285,155678973.02966335,9125504.306015443
2023-04-26 00:00:00 UTC,1.5552248000378268,158383196.3824556,18043402.331701357
2023-04-27 00:00:00 UTC,1.5379236532835705,156367055.14836344,34450279.454631865
2023-04-28 00:00:00 UTC,1.542540778202995,157340696.10886228,7196775.436836136
2023-04-29 00:00:00 UTC,1.5191247319896508,155195494.64698875,21213188.276494626
2023-04-30 00:00:00 UTC,1.5287219796735603,156384609.81947604,8778441.28216958
2023-05-01 00:00:00 UTC,1.5184016613821576,155521752.46702662,7862543.524275924
2023-05-02 00:00:00 UTC,1.5233666690160594,169548497.66560695,6704352.195931385
2023-05-03 00:00:00 UTC,1.4891349327946797,166115541.71232736,16044054.624245927
2023-05-04 00:00:00 UTC,1.2909958472942704,143984535.46791157,14288204.520002041
2023-05-05 00:00:00 UTC,1.2882011563652853,144851427.54168788,23833001.515642304
2023-05-06 00:00:00 UTC,1.2233447576048506,135564888.90361285,25901252.533381492
2023-05-07 00:00:00 UTC,1.1977590196217167,133270434.99297215,15937135.598472936
2023-05-08 00:00:00 UTC,1.1859112694654397,131181952.89431311,12472807.923552748
2023-05-09 00:00:00 UTC,0.9025655836359435,99947069.48294687,26528008.222435016
2023-05-10 00:00:00 UTC,0.8988425667398481,100264278.25254564,13532510.50452134
2023-05-11 00:00:00 UTC,0.9147690859449655,106154094.65345018,19048904.901283648
2023-05-12 00:00:00 UTC,0.9630820245952981,112321249.5350748,15262779.896001922
2023-05-13 00:00:00 UTC,0.9423349597976856,110490659.51754354,9479197.010970775
2023-05-14 00:00:00 UTC,0.8936037390540923,105121934.16885419,4303576.6777850455
2023-05-15 00:00:00 UTC,0.8574374702339206,100642495.48896024,4874501.099553295
2023-05-16 00:00:00 UTC,0.8621015065749035,101758135.26181866,6472674.353879881
2023-05-17 00:00:00 UTC,0.8535014283811904,100894058.93806067,3994070.6844464825
2023-05-18 00:00:00 UTC,0.8448478129111118,100108731.58537811,6272798.108847858
2023-05-19 00:00:00 UTC,0.8759415472541144,104105304.167975,9321447.83159665
2023-05-20 00:00:00 UTC,0.8574995923810178,101820996.36815059,10976588.653127657
2023-05-21 00:00:00 UTC,0.8370346463115633,99498983.69530268,9906328.209230717
2023-05-22 00:00:00 UTC,0.829261645413139,99498935.46896587,4474878.675927235
2023-05-23 00:00:00 UTC,0.8331865953159054,100371738.74376585,4482524.903882744
2023-05-24 00:00:00 UTC,0.851698402572883,103721621.95828775,7194193.668415226
2023-05-25 00:00:00 UTC,0.8419912115468884,102872546.65166749,6812125.013663554
2023-05-26 00:00:00 UTC,0.8370966906195888,102474822.6789496,5454737.652745961
2023-05-27 00:00:00 UTC,0.8403032962262514,103052598.5190793,3656312.130972451
2023-05-28 00:00:00 UTC,0.847378854323529,104142517.2679176,3582343.5105632115
2023-05-29 00:00:00 UTC,0.8742416752907525,107734000.54371539,3909609.4118418023
2023-05-30 00:00:00 UTC,0.8874606787819653,109474644.39853308,7088961.572443112
2023-05-31 00:00:00 UTC,0.9115709278456634,112591573.65167636,5858893.476330842
2023-06-01 00:00:00 UTC,0.9615238325455173,118949078.1743851,14437454.048911637
2023-06-02 00:00:00 UTC,1.17542041389091,145771880.41946054,30923104.7139432
2023-06-03 00:00:00 UTC,1.2776719273553112,158392961.1569225,31781499.55103953
2023-06-04 00:00:00 UTC,1.4069219982570171,175147841.39627632,26293393.321979713
2023-06-05 00:00:00 UTC,1.1782510330784979,146234338.46068767,35615448.408517696
2023-06-06 00:00:00 UTC,1.0396962376306034,130033909.96525237,33426890.806993894
2023-06-07 00:00:00 UTC,1.089931960768313,135965172.61637813,21221009.577203315
2023-06-08 00:00:00 UTC,0.9476660227765631,118220799.58530146,14989342.204056019
2023-06-09 00:00:00 UTC,0.9673448081720886,121086730.14188239,12410074.66074503
2023-06-10 00:00:00 UTC,0.8975249484894205,112341366.15309842,10663505.442637363
2023-06-11 00:00:00 UTC,0.8339368303667126,105125866.30028415,23035677.220343348
2023-06-12 00:00:00 UTC,0.8108436915172826,102142857.9755263,7209079.587322415
2023-06-13 00:00:00 UTC,0.7879036219779398,99619684.94364716,8722925.162894486
2023-06-14 00:00:00 UTC,0.7805036668927321,98706948.4700112,8207364.677331781
2023-06-15 00:00:00 UTC,0.7680543765591364,97726981.76449497,6374676.190936081
2023-06-16 00:00:00 UTC,0.8234558834345848,104639424.5382915,10908394.563832415
2023-06-17 00:00:00 UTC,0.8964298296641341,114063732.81776208,10668222.715791732
2023-06-18 00:00:00 UTC,0.8742409588270661,111546052.00396657,7141089.943148876
2023-06-19 00:00:00 UTC,0.8657838416340452,110233564.80257373,6254375.79822648
2023-06-20 00:00:00 UTC,0.8876120700771364,126799610.36519606,7373295.446329834
2023-06-21 00:00:00 UTC,0.9036715098192003,128884122.50214338,7274913.760454632
2023-06-22 00:00:00 UTC,0.938256952200286,134427184.38656506,11369329.42930088
2023-06-23 00:00:00 UTC,0.8719792557487299,125171315.82111183,10003821.344032383
2023-06-24 00:00:00 UTC,0.8964983793745877,128808951.18578112,6942160.129476083
2023-06-25 00:00:00 UTC,0.8814962424023257,126536320.26991987,4725922.006247973
2023-06-26 00:00:00 UTC,0.890505357972269,128327332.43235734,4294866.442271307
2023-06-27 00:00:00 UTC,0.8744454081703411,125461763.19988719,4198636.575607132
2023-06-28 00:00:00 UTC,0.8452189881551122,121777595.07580398,9272730.170800744
2023-06-29 00:00:00 UTC,0.7906105927493441,114411824.33511502,5993564.1689550225
2023-06-30 00:00:00 UTC,0.840042820045422,121449879.69924064,6407667.711735919
2023-07-01 00:00:00 UTC,0.8641259755415254,124848776.10877754,7473666.875225013
2023-07-02 00:00:00 UTC,0.8698391678470205,125411635.29037113,4503875.944356515
2023-07-03 00:00:00 UTC,0.8692568009417094,125979883.73910604,5406311.101303996
2023-07-04 00:00:00 UTC,0.9422026194551018,136882965.51493862,7221672.47898797
2023-07-05 00:00:00 UTC,0.9079473945953085,131884097.98598638,7761749.682129717
2023-07-06 00:00:00 UTC,0.9106831438338029,132493280.15183298,6304016.876276973
2023-07-07 00:00:00 UTC,0.8846185146881135,128690062.84301743,5787772.537074198
2023-07-08 00:00:00 UTC,0.8831740438422958,128495155.00151989,5163957.439287767
2023-07-09 00:00:00 UTC,0.8564582357724164,124780439.73304915,3697875.2680367287
2023-07-10 00:00:00 UTC,0.8666285212017105,126423690.48189013,3519205.0224618358
2023-07-11 00:00:00 UTC,0.9180264301956944,134495790.45929646,10313826.560637731
2023-07-12 00:00:00 UTC,0.907450700375402,132973450.51427035,5929261.997643661
2023-07-13 00:00:00 UTC,0.9228911413427059,135896557.48131824,4634389.412735759
2023-07-14 00:00:00 UTC,0.9461139359884997,139074537.08920276,9053393.397921845
2023-07-15 00:00:00 UTC,0.9832628401333612,145058071.15061074,16490271.629801936
2023-07-16 00:00:00 UTC,1.0338548798582596,153009442.6010388,25469043.675952137
2023-07-17 00:00:00 UTC,0.9524961450273892,140161458.08382705,17746677.27926245
2023-07-18 00:00:00 UTC,0.9259094136861471,137052430.1550193,18897132.23737242
2023-07-19 00:00:00 UTC,0.928622026746637,137601049.41096386,16201829.946279403
2023-07-20 00:00:00 UTC,0.892271835625174,132796290.7942885,13740824.00478802
2023-07-21 00:00:00 UTC,0.8924163002828367,132677089.71493834,15756746.101425018
2023-07-22 00:00:00 UTC,0.8782121074982742,130633272.54528363,13801556.255544964
2023-07-23 00:00:00 UTC,0.8624523221082145,128478365.07076089,12222467.707956629
2023-07-24 00:00:00 UTC,0.867574657762638,129464642.64768232,11488922.237776289
2023-07-25 00:00:00 UTC,0.8192592180553244,122564232.23533173,13717858.419057515
2023-07-26 00:00:00 UTC,0.8153691065897254,121873968.79621108,12375192.88062795
2023-07-27 00:00:00 UTC,0.8221689375207916,123176381.11880295,16644111.832951587
2023-07-28 00:00:00 UTC,0.8176634577437751,122502855.25221221,13132668.111953054
2023-07-29 00:00:00 UTC,0.8204831957502973,123109643.35335219,13006069.015873082
2023-07-30 00:00:00 UTC,0.8247261600832825,123873698.05386332,10610560.070663406
2023-07-31 00:00:00 UTC,0.8280075847164391,124517816.86360745,7652173.205829324
2023-08-01 00:00:00 UTC,0.8157016992672363,122794461.76976871,7677550.769919855
2023-08-02 00:00:00 UTC,0.8250144820755543,124112553.05433105,7171028.18433142
2023-08-03 00:00:00 UTC,0.838752060970557,126771054.72450848,16304068.205306647
2023-08-04 00:00:00 UTC,0.834262738683334,125931289.88329807,20768118.410671517
2023-08-05 00:00:00 UTC,0.8424182948687352,127154608.79789983,20374603.51051877
2023-08-06 00:00:00 UTC,0.8734109208196,132047660.81919298,22443634.409647737
2023-08-07 00:00:00 UTC,0.8631025110935501,130579506.3814601,22378866.63848263
2023-08-08 00:00:00 UTC,0.8540565015115807,129476525.09339857,21701813.948557198
2023-08-09 00:00:00 UTC,0.8618016714629262,130771693.44022559,18702733.660362612
2023-08-10 00:00:00 UTC,0.8622535697777812,131089192.18031473,18951025.67349771
2023-08-11 00:00:00 UTC,0.8621757152615339,131340498.35738085,17291639.79538714
2023-08-12 00:00:00 UTC,0.8922614666820909,136021353.1640246,22460008.99030223
2023-08-13 00:00:00 UTC,0.8644297170526254,132136036.11321585,19284548.264298666
2023-08-14 00:00:00 UTC,0.8557016800781747,130906364.38613264,18133528.8141799
2023-08-15 00:00:00 UTC,0.8529024097610379,130685603.52839158,17614422.37950891
2023-08-16 00:00:00 UTC,0.8347865525798428,128659223.32277402,17061585.16214542
2023-08-17 00:00:00 UTC,0.7922373099376853,121693986.23758014,14054214.42099733
2023-08-18 00:00:00 UTC,0.7267410366936098,111748639.92001146,13168415.296726998
2023-08-19 00:00:00 UTC,0.7335842848165102,113095546.3964773,12046310.025650654
2023-08-20 00:00:00 UTC,0.772499115086171,118945020.35091932,5410211.8859943645
2023-08-21 00:00:00 UTC,0.7444195161177416,114826143.29366568,5451284.419044619
2023-08-22 00:00:00 UTC,0.7387278447354632,114253259.44159377,4624894.005728307
2023-08-23 00:00:00 UTC,0.710737012871196,110084402.84479333,8735453.31375828
2023-08-24 00:00:00 UTC,0.7120099122805491,110324145.34847242,4924786.449549239
2023-08-25 00:00:00 UTC,0.7021127193465686,108889241.0494631,4240787.078546104
2023-08-26 00:00:00 UTC,0.6676339952178667,103720933.77717195,4528294.054661894
2023-08-27 00:00:00 UTC,0.6986794226759901,108380483.52531189,3762416.6176913865
2023-08-28 00:00:00 UTC,0.6943610081492784,107870200.11854254,3685031.507518868
2023-08-29 00:00:00 UTC,0.6807409866686281,105958906.49576241,4337524.032221746
2023-08-30 00:00:00 UTC,0.6887303400877264,107319885.67401884,4975200.7826409815
2023-08-31 00:00:00 UTC,0.6805409821366415,106172820.41320205,4895862.161022603
2023-09-01 00:00:00 UTC,0.663248312558579,103706572.48554967,3415346.2709416463
2023-09-02 00:00:00 UTC,0.6171399656040257,96481915.03743401,4818411.208925237
2023-09-03 00:00:00 UTC,0.6147302206154982,96291082.64418858,3113031.557188846
2023-09-04 00:00:00 UTC,0.59451182696056,93237166.13169649,5193881.082500176
2023-09-05 00:00:00 UTC,0.5808520989163036,91070930.1770612,3655884.1669768356
2023-09-06 00:00:00 UTC,0.5643837029833383,88566702.35757884,3824834.142849693
2023-09-07 00:00:00 UTC,0.5549117053110985,87210820.38971153,3131316.161092123
2023-09-08 00:00:00 UTC,0.5785806950757556,91115758.91322532,6193979.652488499
2023-09-09 00:00:00 UTC,0.5768464714465084,90835447.73293428,4306322.590298924
2023-09-10 00:00:00 UTC,0.5677038951942914,89607802.58418335,3003685.267408653
2023-09-11 00:00:00 UTC,0.5221675640089677,82517218.52455139,5398635.827816516
2023-09-12 00:00:00 UTC,0.48190407867249774,76388291.7306648,5411296.608737826
2023-09-13 00:00:00 UTC,0.49932275837187395,78542489.43018979,6858561.910862055
2023-09-14 00:00:00 UTC,0.492107750405136,77539362.11673288,14507042.178095054
2023-09-15 00:00:00 UTC,0.46401099060270884,73863133.47414517,8968543.0362982
2023-09-16 00:00:00 UTC,0.4056916634771411,64056274.01950004,15196241.608648099
2023-09-17 00:00:00 UTC,0.3588625737661005,57034377.67330879,16484233.44607947
2023-09-18 00:00:00 UTC,0.37959671425036734,60189211.406160094,20417378.726116005
2023-09-19 00:00:00 UTC,0.41896619127769236,66938118.6775006,18993774.37724147
2023-09-20 00:00:00 UTC,0.421102498494843,67196143.11487754,6146422.809137809
2023-09-21 00:00:00 UTC,0.3831774587546255,61504537.280707866,10929062.51014943
2023-09-22 00:00:00 UTC,0.40542046533508197,64958349.49967072,9452078.598428853
2023-09-23 00:00:00 UTC,0.4776295573165832,76571638.58547528,22916872.871790547
2023-09-24 00:00:00 UTC,0.4170199611121366,66694878.11396384,14181628.394653374
2023-09-25 00:00:00 UTC,0.4316863534990764,69214446.2367262,16899575.941562347
2023-09-26 00:00:00 UTC,0.4049914973237942,65001555.7982533,17380211.512005266
2023-09-27 00:00:00 UTC,0.4336142479406753,69825114.35159922,19518664.04138298
2023-09-28 00:00:00 UTC,0.4204196532705295,67204946.78655878,11064476.908832502
2023-09-29 00:00:00 UTC,0.4208424950555852,67751125.89692037,8350856.80545478
2023-09-30 00:00:00 UTC,0.4131453952243823,66727216.13799866,5153850.22045571
2023-10-01 00:00:00 UTC,0.4122310305349193,66523276.23282107,6034236.131665006
2023-10-02 00:00:00 UTC,0.41377531212272683,66871897.09161154,6460927.0593282245
2023-10-03 00:00:00 UTC,0.38852154151547724,63007998.71147565,16041708.267302852
2023-10-04 00:00:00 UTC,0.4065629496576262,65822146.18240119,6311881.341879322
2023-10-05 00:00:00 UTC,0.40358606851776485,65689472.603390604,8872988.153774718
2023-10-06 00:00:00 UTC,0.39650002471863227,64292187.11189043,5811968.915702185
2023-10-07 00:00:00 UTC,0.3987150491591353,65090040.689350866,4343508.034713433
2023-10-08 00:00:00 UTC,0.4025748349386506,65415036.82317102,11729805.432971982
2023-10-09 00:00:00 UTC,0.39681649618366815,64780673.347515866,8807590.995359976
2023-10-10 00:00:00 UTC,0.406035394326561,66267698.805047266,16614781.509412553
2023-10-11 00:00:00 UTC,0.3952276594187628,64798542.70794362,11029103.918055085
2023-10-12 00:00:00 UTC,0.398772588973712,64963051.79839114,4583135.329332003
2023-10-13 00:00:00 UTC,0.39370232998615157,64399811.15636209,10003495.877130032
2023-10-14 00:00:00 UTC,0.3942894436265192,64621776.08776811,13435619.476424213
2023-10-15 00:00:00 UTC,0.3933034920102043,64517821.052947566,11627821.898761932
2023-10-16 00:00:00 UTC,0.39385423345919884,64671577.60062114,9792696.538484529
2023-10-17 00:00:00 UTC,0.3952971604982839,65017558.86519616,21983699.747397725
2023-10-18 00:00:00 UTC,0.38348734194058914,63117027.72654771,26505215.473392896
2023-10-19 00:00:00 UTC,0.4074160688785317,67250113.65021585,11749251.272533014
2023-10-20 00:00:00 UTC,0.39024119298784504,64276445.898559116,6884137.120203986
2023-10-21 00:00:00 UTC,0.3902909485495746,64317180.38994192,4469954.21638048
2023-10-22 00:00:00 UTC,0.3919550746186729,64756083.800602615,4491743.6879869085
2023-10-23 00:00:00 UTC,0.39044812486026464,64218759.048199765,5466696.159672774
2023-10-24 00:00:00 UTC,0.3960064195537158,65693653.550572656,30856783.77081752
2023-10-25 00:00:00 UTC,0.39793378969455934,65864974.588540584,41468439.36070183
2023-10-26 00:00:00 UTC,0.3966885031445837,65812046.714968935,33852204.75389569
2023-10-27 00:00:00 UTC,0.4154731598521542,68755220.5068955,53669224.87974136
2023-10-28 00:00:00 UTC,0.41401699780676254,68988843.62671539,20865991.501024336
2023-10-29 00:00:00 UTC,0.4230663673014565,70633480.058005,8838364.636623312
2023-10-30 00:00:00 UTC,0.44337397006879126,74174674.84537049,9214852.802189536
2023-10-31 00:00:00 UTC,0.428387109750878,71430832.12352756,21655866.40984591
2023-11-01 00:00:00 UTC,0.4156686641539975,69258134.74439208,15545715.527380321
2023-11-02 00:00:00 UTC,0.41188111421763285,68824216.4530617,31333452.43430206
2023-11-03 00:00:00 UTC,0.40712196880165613,69170396.47978936,27854782.10591061
2023-11-04 00:00:00 UTC,0.3936463627270932,67272396.23104317,18911327.112598278
2023-11-05 00:00:00 UTC,0.3928733841133154,66862710.976068296,7168740.039442924
2023-11-06 00:00:00 UTC,0.475069332272384,80588039.47601336,26303667.56292036
2023-11-07 00:00:00 UTC,0.45026789547730595,76758169.84217203,12713073.74482952
2023-11-08 00:00:00 UTC,0.4825875837559845,82334686.2535292,45948021.97334514
2023-11-09 00:00:00 UTC,0.6129651901200743,104078114.62196673,62944390.40009917
2023-11-10 00:00:00 UTC,0.6166037094469937,105837089.6462937,84681601.76881842
2023-11-11 00:00:00 UTC,0.5898435528331818,102240913.46175404,49427357.43535856
2023-11-12 00:00:00 UTC,0.597222712338062,101887506.85350268,52698533.25195132
2023-11-13 00:00:00 UTC,0.5643084905969611,97965558.98964967,40490610.78897628
2023-11-14 00:00:00 UTC,0.5293633465810857,92263220.52065566,29952629.721511368
2023-11-15 00:00:00 UTC,0.4835200398894744,84209070.29265141,30531802.693248667
2023-11-16 00:00:00 UTC,0.5226220010469144,90980423.233684,37884426.88154757
2023-11-17 00:00:00 UTC,0.4917461433880796,85570589.01883864,38721557.20795735
2023-11-18 00:00:00 UTC,0.48528016453265604,84690090.02445586,37825382.64497535
2023-11-19 00:00:00 UTC,0.47838458491110536,83542300.35204917,30833114.999450766
2023-11-20 00:00:00 UTC,0.5113725471221753,89457724.51482573,22217604.290515132
2023-11-21 00:00:00 UTC,0.499814909745278,87422563.531179,22337649.47336133
2023-11-22 00:00:00 UTC,0.47710561712846244,83987446.46991353,24614126.412183244
2023-11-23 00:00:00 UTC,0.5021573030680045,88109139.20763966,22834725.914693583
2023-11-24 00:00:00 UTC,0.5015939975214508,88236813.51686709,19682590.58920403
2023-11-25 00:00:00 UTC,0.5350968522191935,93587629.438478,22511189.336744208
2023-11-26 00:00:00 UTC,0.5464580355660279,96211473.40706196,21328787.51613737
2023-11-27 00:00:00 UTC,0.5136124301469149,90363763.58744262,17469851.134781633
2023-11-28 00:00:00 UTC,0.5034210217808306,89582691.96181448,21419726.958446894
2023-11-29 00:00:00 UTC,0.5116882473881222,91489036.64657244,23763041.343168873
2023-11-30 00:00:00 UTC,0.5013838164211493,89424196.29040855,22717451.19389018
2023-12-01 00:00:00 UTC,0.49193139426396076,87832178.5562093,4267505.415965308
2023-12-02 00:00:00 UTC,0.5010106128065006,89531828.43717264,19652975.67494411
2023-12-03 00:00:00 UTC,0.5216476367743401,93245944.49443738,23565219.274728484
2023-12-04 00:00:00 UTC,0.5138168467481821,91938287.82617235,7131208.810109614
2023-12-05 00:00:00 UTC,0.5078881061722593,90713811.82216056,12901695.48339042
2023-12-06 00:00:00 UTC,0.5229330097448283,93434594.36318512,33120225.800271608
2023-12-07 00:00:00 UTC,0.5034237002382717,90621095.82302555,27537939.092103943
2023-12-08 00:00:00 UTC,0.5152010591845617,92426954.72124973,8432935.776136111
2023-12-09 00:00:00 UTC,0.5283579040936851,94659264.87782718,8466657.843673779
2023-12-10 00:00:00 UTC,0.5720261269008106,102890029.85860427,29005901.002540372
2023-12-11 00:00:00 UTC,0.6058530162879128,109037984.77217466,15050830.628910596
2023-12-12 00:00:00 UTC,0.5520758720811908,100390987.63994674,36430382.78586679
2023-12-13 00:00:00 UTC,0.5789831465752047,105640961.87368804,13559564.26953729
2023-12-14 00:00:00 UTC,0.5632677761916631,102772102.22940865,28668130.523932785
2023-12-15 00:00:00 UTC,0.5773036669317385,105630881.45018457,27171065.88761854
2023-12-16 00:00:00 UTC,0.5381147691198188,98604017.30452332,24770808.289250646
2023-12-17 00:00:00 UTC,0.5554442383175177,101667723.83983003,25014513.08700081
2023-12-18 00:00:00 UTC,0.5416085807359283,99117364.59418863,23983704.55625762
2023-12-19 00:00:00 UTC,0.5314905863666527,97536855.61697914,26412901.56249104
2023-12-20 00:00:00 UTC,0.5352272276336496,98518948.09341474,25821891.104147788
2023-12-21 00:00:00 UTC,0.5513499658008636,472508153.9989806,6408765.459152257
2023-12-22 00:00:00 UTC,0.553165699950017,474161182.4518534,6981588.502911675
2023-12-23 00:00:00 UTC,0.5646844037904772,484254631.65295774,9187129.895484393
2023-12-24 00:00:00 UTC,0.5569577321431981,477745610.3552353,24235593.958021395
2023-12-25 00:00:00 UTC,0.5377857369410242,461691801.88056535,26051099.630084634
2023-12-26 00:00:00 UTC,0.5531001408729702,474261995.7305429,22385954.54670488
2023-12-27 00:00:00 UTC,0.536750250653199,459867862.87578976,27722728.508738633
2023-12-28 00:00:00 UTC,0.5528139202686524,473741492.6734742,27749960.294016436
2023-12-29 00:00:00 UTC,0.5901304490968124,508480498.6905826,37900404.936989084
2023-12-30 00:00:00 UTC,0.5865526156338488,502333378.20997036,28349599.576610144
2023-12-31 00:00:00 UTC,0.570141053464499,490407599.6873406,10354220.7691671
2024-01-01 00:00:00 UTC,0.5499928642931733,472261109.9396851,22373059.746111333
2024-01-02 00:00:00 UTC,0.5748134495231911,493205140.76918,27102914.825283978
2024-01-03 00:00:00 UTC,0.5701963305241057,489616825.4909361,41590510.580283225
2024-01-04 00:00:00 UTC,0.574818747066158,493031985.1249902,35194615.93907688
2024-01-05 00:00:00 UTC,0.5827789682950784,501136613.8991951,47823230.31774777
2024-01-06 00:00:00 UTC,0.5724385380635333,490877492.9774678,51471910.89781024
2024-01-07 00:00:00 UTC,0.5462102752687136,469291218.68543804,41320809.01539754
2024-01-08 00:00:00 UTC,0.5200498931804449,445626616.09848434,6644650.413144993
2024-01-09 00:00:00 UTC,0.5340214517110554,459581540.4889182,27899244.54969197
2024-01-10 00:00:00 UTC,0.5461530835210998,467339389.6786351,31898687.543291207
2024-01-11 00:00:00 UTC,0.5513407325571351,475175641.2753224,37774735.24161641
2024-01-12 00:00:00 UTC,0.5595874036756351,482799559.5810715,46533619.49907801
2024-01-13 00:00:00 UTC,0.5248247853009944,450793159.4881994,37647334.41754601
2024-01-14 00:00:00 UTC,0.5209717355407474,448226906.99877495,37861318.5566032
2024-01-15 00:00:00 UTC,0.4979506776166272,430614601.25648934,29408316.748600293
2024-01-16 00:00:00 UTC,0.5164391812984357,444972603.0442889,29930159.355925072
2024-01-17 00:00:00 UTC,0.5299737939876255,456520967.2916906,27434861.02922416
2024-01-18 00:00:00 UTC,0.5313871446932138,458048009.28228235,27651227.273953866
2024-01-19 00:00:00 UTC,0.5103405948657918,439784287.5829086,27431270.093230054
2024-01-20 00:00:00 UTC,0.5152893256906567,443157382.1449138,37224576.90752862
2024-01-21 00:00:00 UTC,0.5109070925298733,440080634.32749647,24485661.486122563
2024-01-22 00:00:00 UTC,0.5043711664297409,435582949.17903394,21622854.637755957
2024-01-23 00:00:00 UTC,0.47735788259649825,411003370.26757044,22475504.281231802
2024-01-24 00:00:00 UTC,0.49010006580554294,421453702.6947564,13629440.45533411
2024-01-25 00:00:00 UTC,0.49222744581184075,425012381.15801877,7115481.761289087
2024-01-26 00:00:00 UTC,0.4901707521086939,422863138.24000883,6304185.99033581
2024-01-27 00:00:00 UTC,0.4987231674684752,429701514.2021679,8024122.537478408
2024-01-28 00:00:00 UTC,0.4978041083146086,429427090.2989205,5029318.515492597
2024-01-29 00:00:00 UTC,0.4868038555361475,420184332.6988646,5223350.118413819
2024-01-30 00:00:00 UTC,0.49227869587894,425344864.4553073,5015903.100416923
2024-01-31 00:00:00 UTC,0.48646268100575996,417532628.220097,6031520.840117344
2024-02-01 00:00:00 UTC,0.4702111279547226,406374708.243689,7724354.559382839
2024-02-02 00:00:00 UTC,0.4790457802080933,414042853.26754886,5900279.4244564045
2024-02-03 00:00:00 UTC,0.48245662569224346,416641210.61459494,5046932.527452622
2024-02-04 00:00:00 UTC,0.477796007083821,412581918.6280445,3605291.954014389
2024-02-05 00:00:00 UTC,0.47812479225648,412836918.22952896,4401406.440441117
2024-02-06 00:00:00 UTC,0.47763949285535345,412738064.148167,3698467.1674922337
2024-02-07 00:00:00 UTC,0.4894931408435349,422898585.6866395,4942084.249467812
2024-02-08 00:00:00 UTC,0.5036413764994409,435843512.6790701,7522156.557991946
2024-02-09 00:00:00 UTC,0.5139303092773638,445182780.63160694,7631692.219893541
2024-02-10 00:00:00 UTC,0.5440423762139356,470353460.65823615,11057154.139632095
2024-02-11 00:00:00 UTC,0.5333184010381341,461564641.6626834,5474578.424714783
2024-02-12 00:00:00 UTC,0.5286188531554058,457776226.8499519,4214112.889046775
2024-02-13 00:00:00 UTC,0.5315590232682792,460018826.97120136,7665303.180161584
2024-02-14 00:00:00 UTC,0.5260118114087087,454806929.02828836,5654766.988486612
2024-02-15 00:00:00 UTC,0.5302619485918245,459397330.4589343,5754696.834645732
2024-02-16 00:00:00 UTC,0.538629126502256,466104119.55982745,9333533.159514675
2024-02-17 00:00:00 UTC,0.5493256490060457,475740325.4433698,7998417.847876969
2024-02-18 00:00:00 UTC,0.5918756365065373,512805688.71184653,15057502.994805563
2024-02-19 00:00:00 UTC,0.6024736123555581,523947341.3077458,13574636.732564015
2024-02-20 00:00:00 UTC,0.763916454261919,659996524.0861423,37342184.34308961
2024-02-21 00:00:00 UTC,0.6449353442064049,559750821.0104506,25250636.713414952
2024-02-22 00:00:00 UTC,0.6249985699910803,542500172.8951585,14447398.66834885
2024-02-23 00:00:00 UTC,0.6136667316678501,531972509.4227321,11126459.401768541
2024-02-24 00:00:00 UTC,0.6559734671895764,568141683.0878003,12125203.08991678
2024-02-25 00:00:00 UTC,0.6645893535609317,576631343.5865674,7918407.054854988
2024-02-26 00:00:00 UTC,0.6492201877822678,562825530.0554796,5505732.426661131
2024-02-27 00:00:00 UTC,0.6508524446443842,565792468.1334717,10396159.233102307
2024-02-28 00:00:00 UTC,0.6630518367461758,576488484.5702978,13120185.298971206
2024-02-29 00:00:00 UTC,0.6685153261934987,579716882.0757817,14739537.68395299
2024-03-01 00:00:00 UTC,0.6540580861793838,568802923.2819475,13024639.730882026
2024-03-02 00:00:00 UTC,0.7288895355739469,633253561.0796299,15013334.968084639
2024-03-03 00:00:00 UTC,0.7691649857651905,667950878.4879014,15276218.015174614
2024-03-04 00:00:00 UTC,0.7630272985034151,661386756.0313308,18432454.984920595
2024-03-05 00:00:00 UTC,0.7358312148493065,639229006.4777788,15505926.064517183
2024-03-06 00:00:00 UTC,0.6601225266933374,573379206.9713278,22444843.6204697
2024-03-07 00:00:00 UTC,0.6734374134337054,584874198.910163,14748642.10927123
2024-03-08 00:00:00 UTC,0.6980783170687203,607124600.7251962,11501867.126625918
2024-03-09 00:00:00 UTC,0.7033325910349407,611194094.6291307,12176757.314415306
2024-03-10 00:00:00 UTC,0.725709492850596,631728985.1110574,10500863.295987302
2024-03-11 00:00:00 UTC,0.7089624730024638,617324920.5751101,12799877.747117523
2024-03-12 00:00:00 UTC,0.7070897547794406,615757790.4505119,14028591.303188395
2024-03-13 00:00:00 UTC,0.7046139329185702,612590664.0635624,14508414.594736954
2024-03-14 00:00:00 UTC,0.7134104338417289,620758423.3971497,9891618.71589483
2024-03-15 00:00:00 UTC,0.6904621599567095,600785146.8992802,11917006.826311445
2024-03-16 00:00:00 UTC,0.6600106096658293,576748117.0911374,14711824.009533983
2024-03-17 00:00:00 UTC,0.6202505244046618,537660171.0550425,11722629.965467118
2024-03-18 00:00:00 UTC,0.6294081123515093,546303026.7260224,10912408.988823224
2024-03-19 00:00:00 UTC,0.6074967831824436,529578969.2234107,9378345.052997619
2024-03-20 00:00:00 UTC,0.5524583977401478,484039351.52529705,12939137.529007535
2024-03-21 00:00:00 UTC,0.5831248098722609,508847406.9401947,10630794.452282017
2024-03-22 00:00:00 UTC,0.5949985928992427,517864597.6897923,9629837.421481736
2024-03-23 00:00:00 UTC,0.5846763210835195,508165085.7893371,7759315.186210438
2024-03-24 00:00:00 UTC,0.6778313578268882,595932899.0386759,20984632.93081934
2024-03-25 00:00:00 UTC,0.7520338186772477,658166400.2508078,38037675.981469184
2024-03-26 00:00:00 UTC,0.862607935172276,753932367.9086791,48460745.86446436
2024-03-27 00:00:00 UTC,1.0447241157111187,913723824.0115138,50790932.160364814
2024-03-28 00:00:00 UTC,0.9962083630109791,868004051.5668935,34667625.14924423
2024-03-29 00:00:00 UTC,1.0891445714909371,950951623.1029155,54411715.9806728
2024-03-30 00:00:00 UTC,1.1626542223303387,1022701515.015221,56379023.374274574
2024-03-31 00:00:00 UTC,1.3915171267208684,1213069529.793948,108062571.65173112
2024-04-01 00:00:00 UTC,2.6004986450945897,2296124090.4435096,333425170.6822389
2024-04-02 00:00:00 UTC,3.7944288797240207,3296538540.426719,617526525.6444705
2024-04-03 00:00:00 UTC,3.3462684599968937,2919499306.736019,637095130.6647601
2024-04-04 00:00:00 UTC,3.0542449992290623,2691154568.0263777,472854216.9232623
2024-04-05 00:00:00 UTC,2.448334961288773,2143228234.3181512,299486536.2635516
2024-04-06 00:00:00 UTC,2.6839622346067347,2350694142.862314,368223470.73104304
2024-04-07 00:00:00 UTC,2.6356137208375814,2314652598.5499315,189325310.07626557
2024-04-08 00:00:00 UTC,2.695842167577535,2361101675.425278,151199918.57614154
2024-04-09 00:00:00 UTC,2.6571059319130335,2334714395.620353,112085036.19670407
2024-04-10 00:00:00 UTC,2.3648533768900664,2078669523.5248408,121066871.15872855
2024-04-11 00:00:00 UTC,2.3336796013098704,2055595616.4972162,111896095.2279551
2024-04-12 00:00:00 UTC,2.213099304037579,1947681518.847504,86058236.11310795
2024-04-13 00:00:00 UTC,1.568756159704688,1384058487.6504192,130911692.76155582
2024-04-14 00:00:00 UTC,1.3624126915707682,1204494736.1947637,117761183.01450898
2024-04-15 00:00:00 UTC,1.4804605742719126,1311293708.8482943,100553254.3362644
2024-04-16 00:00:00 UTC,2.7026490532208074,2384649104.589401,608924955.4288863
2024-04-17 00:00:00 UTC,2.327775338937995,2060123054.3647292,411883451.09402496
2024-04-18 00:00:00 UTC,2.163776646845107,1908118742.5152967,259157558.87711546
2024-04-19 00:00:00 UTC,2.0705918567951773,1816038325.4184062,191399035.95675525
2024-04-20 00:00:00 UTC,2.0100856401575635,1771028286.8618696,159431698.9342716
2024-04-21 00:00:00 UTC,2.166599187479279,1912879516.6496167,103900600.7642102
2024-04-22 00:00:00 UTC,2.4729073467403517,2184931412.862714,192433620.922632
2024-04-23 00:00:00 UTC,2.7514443876177515,2430047361.9531603,184214330.00266927
2024-04-24 00:00:00 UTC,2.5024614372184937,2208996541.9569755,139177166.61551917
2024-04-25 00:00:00 UTC,2.413958372790309,2134281787.6107569,144865954.00241888
2024-04-26 00:00:00 UTC,2.327181962083475,2056627039.0273488,81162768.54578206
2024-04-27 00:00:00 UTC,2.2739542661292877,2008865355.6103709,80235451.01183003
2024-04-28 00:00:00 UTC,2.2509087731313597,1991020148.2702026,87137761.86872475
2024-04-29 00:00:00 UTC,2.1633517229063313,1916855903.1733332,87028168.6099518
2024-04-30 00:00:00 UTC,2.114502003023802,1876748232.3487554,93875153.54568885
2024-05-01 00:00:00 UTC,1.9325832202216662,1712562148.1643045,99036928.50490771
2024-05-02 00:00:00 UTC,1.9277207293777148,1713722476.7714708,120747094.70050655
2024-05-03 00:00:00 UTC,2.07248487415746,1833833618.2990696,99053211.17023626
2024-05-04 00:00:00 UTC,2.038953693187528,1813038858.1100922,68074557.74308838
2024-05-05 00:00:00 UTC,2.028992104652691,1796397874.5782473,56482036.24980335
2024-05-06 00:00:00 UTC,1.9589851903348103,1733795368.0096197,40933348.68613707
2024-05-07 00:00:00 UTC,1.9015278184253745,1692641290.718541,74701248.5813198
2024-05-08 00:00:00 UTC,1.7596730226001898,1562874745.9558213,56367638.995058805
2024-05-09 00:00:00 UTC,1.679794435433313,1491249149.9423869,74735625.71980168
2024-05-10 00:00:00 UTC,1.715020142132495,1524408015.0991104,74651643.52915192
2024-05-11 00:00:00 UTC,1.5928098515023525,1415187748.3887303,66527639.01887667
2024-05-12 00:00:00 UTC,1.5769076132395532,1395831667.250985,55045973.06763807
2024-05-13 00:00:00 UTC,1.7528993185213093,1558112979.7688355,109077607.12710579
2024-05-14 00:00:00 UTC,1.6445385112512285,1455886779.0623991,85237299.62765901
2024-05-15 00:00:00 UTC,1.5820739945023115,1406018062.2185955,67634142.52538246
2024-05-16 00:00:00 UTC,1.6793113804143618,1489927240.2292001,62278221.99491494
2024-05-17 00:00:00 UTC,1.9101660356408938,1698913178.9992437,137476924.26549324
2024-05-18 00:00:00 UTC,1.8532061983141555,1646986258.972939,77794476.2455052
2024-05-19 00:00:00 UTC,1.8529730490502,1650601915.804292,75870348.7363281
2024-05-20 00:00:00 UTC,1.7631378313456747,1565796029.0698786,50055871.599201076
2024-05-21 00:00:00 UTC,1.8562035340993401,1650410793.0712912,69532292.68616006
2024-05-22 00:00:00 UTC,1.807246794460053,1607024978.676778,59248704.73188145
2024-05-23 00:00:00 UTC,1.6854920962006708,1500716387.7044113,62471160.16458425
2024-05-24 00:00:00 UTC,1.6172381803434315,1432360784.1929662,54872066.82159281
2024-05-25 00:00:00 UTC,1.8832688073092148,1677061166.1704192,141180165.5246269
2024-05-26 00:00:00 UTC,2.3539675870088064,2092792532.658775,319809784.43625486
2024-05-27 00:00:00 UTC,2.0396550283020636,1812198195.2515225,151283271.65024707
2024-05-28 00:00:00 UTC,2.197838456271953,1960388412.1887403,167395677.89660478
2024-05-29 00:00:00 UTC,2.0841677876050393,1853290016.9822433,116054946.48225805
2024-05-30 00:00:00 UTC,2.0147587783476157,1793162995.514059,70205257.28883734
2024-05-31 00:00:00 UTC,1.9190012826953247,1709427781.396241,62362106.5988895
2024-06-01 00:00:00 UTC,1.934496290129391,1725763006.2171874,72844802.23367988
2024-06-02 00:00:00 UTC,1.9553920554349302,1739860297.4295435,58558320.72402801
2024-06-03 00:00:00 UTC,1.8621831122767725,1659420338.6631913,54987781.56317556
2024-06-04 00:00:00 UTC,1.8423864567857597,1639407403.6057794,47586657.47658808
2024-06-05 00:00:00 UTC,1.9866503608691484,1769217390.2779193,46827763.949636556
2024-06-06 00:00:00 UTC,1.93325717392947,1723318411.2544084,85407690.77732706
2024-06-07 00:00:00 UTC,1.9570051341764403,1747010863.9590547,51055529.38258956
2024-06-08 00:00:00 UTC,1.771001631602783,1579619166.4599676,122902330.53961769
2024-06-09 00:00:00 UTC,1.7100843359856048,1525477585.3857496,52563344.234234735
2024-06-10 00:00:00 UTC,1.7234314040750305,1539712530.2912762,30063693.412874926
2024-06-11 00:00:00 UTC,1.67944977861886,1498988727.5883331,35459341.66910657
2024-06-12 00:00:00 UTC,1.6095875883909276,1437336556.9576373,72246802.13086243
2024-06-13 00:00:00 UTC,1.630606984073924,1455239534.653634,74048904.34366634
2024-06-14 00:00:00 UTC,1.5454752284739088,1384637148.9789202,58677855.473345056
2024-06-15 00:00:00 UTC,1.5839647927872458,1415512416.6764445,66426663.98797131
2024-06-16 00:00:00 UTC,1.5681151923512342,1400706961.4508543,47083816.598695345
2024-06-17 00:00:00 UTC,1.625172415993236,1452399948.680269,50377378.75716188
2024-06-18 00:00:00 UTC,1.52499901117041,1362779883.3983068,76574709.65787017
2024-06-19 00:00:00 UTC,1.2760584419685173,1136774614.348071,73402051.89033121
2024-06-20 00:00:00 UTC,1.288699436348114,1146619687.267268,69198255.0142591
2024-06-21 00:00:00 UTC,1.3991850065036384,1251089673.0079932,74692392.67939204
2024-06-22 00:00:00 UTC,1.3905341603999264,1243305514.7570424,53745743.67100337
2024-06-23 00:00:00 UTC,1.389790584138548,1243651159.7938614,33574060.99492795
2024-06-24 00:00:00 UTC,1.3217349430727863,1181604680.3311298,34112944.44677331
2024-06-25 00:00:00 UTC,1.3709652406963806,1229141612.4269238,98306572.56779997
2024-06-26 00:00:00 UTC,1.3699995637903206,1225413033.605393,68358427.95927097
2024-06-27 00:00:00 UTC,1.3335217775795605,1194711027.9587529,51819540.94146012
2024-06-28 00:00:00 UTC,1.3494343964733269,1208418075.336066,59790962.37115418
2024-06-29 00:00:00 UTC,1.3083278293129865,1171372153.7895129,35049580.59891177
2024-06-30 00:00:00 UTC,1.2986825234619153,1162879575.9624429,28464843.56231638
2024-07-01 00:00:00 UTC,1.3302102580582773,1191787930.6520836,45800566.09339652
2024-07-02 00:00:00 UTC,1.3242769527529312,1187546998.250872,36658000.09414346
2024-07-03 00:00:00 UTC,1.3103724640639556,1173529092.3015137,44042346.171217345
2024-07-04 00:00:00 UTC,1.2195142649213357,1093538356.840427,42451055.45119993
2024-07-05 00:00:00 UTC,1.0002583870280701,892890244.6767687,59045430.65875166
2024-07-06 00:00:00 UTC,0.8715770859427946,783071764.0424322,112628243.42929713
2024-07-07 00:00:00 UTC,1.110347392319834,994081828.2714796,111198799.247805
2024-07-08 00:00:00 UTC,0.9684506943786373,868814640.5666927,53701132.349083446
2024-07-09 00:00:00 UTC,1.082125520953539,968154239.3874058,63006742.72182736
2024-07-10 00:00:00 UTC,1.0837376835962953,976631188.2709392,41357914.3375836
2024-07-11 00:00:00 UTC,1.1089862956999776,996942057.1243432,48142070.76872171
2024-07-12 00:00:00 UTC,1.1007021880166528,986104592.499291,47792070.58579468
2024-07-13 00:00:00 UTC,1.0936172188283662,980727080.563863,38280998.66893583
2024-07-14 00:00:00 UTC,1.0935621952818158,983200870.8654666,28693382.63008901
2024-07-15 00:00:00 UTC,1.2021907290977498,1078875553.8338099,71059638.1120878
2024-07-16 00:00:00 UTC,1.2402897093831677,1115345155.5487826,51567744.93396601
2024-07-17 00:00:00 UTC,1.4140681700978188,1270997385.0356193,162176390.054188
2024-07-18 00:00:00 UTC,1.3992505097092947,1260787544.321349,74667956.49792048
2024-07-19 00:00:00 UTC,1.4284858479794877,1283651747.9933174,84555371.84439638
2024-07-20 00:00:00 UTC,1.4215707885764823,1278017081.9499037,79079545.78255542
2024-07-21 00:00:00 UTC,1.4238436694465357,1281103924.9270515,62816632.27470157
2024-07-22 00:00:00 UTC,1.6217494563921058,1458486692.1479712,151564250.1160336
2024-07-23 00:00:00 UTC,1.5944716083399337,1436272869.0714762,91769732.94790798
2024-07-24 00:00:00 UTC,1.448525412690156,1303616980.3797913,55334685.567415684
2024-07-25 00:00:00 UTC,1.366171766091898,1230642931.3902357,49743993.122779414
2024-07-26 00:00:00 UTC,1.3189503731533263,1187455978.9198086,62014141.41149075
2024-07-27 00:00:00 UTC,1.3730054103726077,1235702070.0509775,67585259.74388467
2024-07-28 00:00:00 UTC,1.3776170975371957,1240369729.1509128,55119476.15121429
2024-07-29 00:00:00 UTC,1.3270632142098453,1193539258.256378,40043245.64507747
2024-07-30 00:00:00 UTC,1.3179067922905279,1187448116.7540157,45222461.60023065
2024-07-31 00:00:00 UTC,1.2899809122250596,1162278883.619371,45622644.06617914
2024-08-01 00:00:00 UTC,1.2254380107748868,1104154074.5412467,38798660.17714896
2024-08-02 00:00:00 UTC,1.2243734470067393,1105849995.1144223,53599556.02887918
2024-08-03 00:00:00 UTC,1.1528316629428659,1037763642.1264198,50990603.97467354
2024-08-04 00:00:00 UTC,1.0666171694179531,960533228.418723,46976596.929961585
2024-08-05 00:00:00 UTC,1.0460756639023594,944613146.8032814,58566986.4936395
2024-08-06 00:00:00 UTC,0.912745034136702,828062984.4053568,173407551.16191268
2024-08-07 00:00:00 UTC,1.0110375219518668,912503961.2315753,103982416.92176071
2024-08-08 00:00:00 UTC,0.9621460212738941,867968306.6000817,66316437.98595254
2024-08-09 00:00:00 UTC,1.07803380625144,969765227.0587285,65939900.73745739
2024-08-10 00:00:00 UTC,1.0649367178211946,960426361.7050394,58485180.313222475
2024-08-11 00:00:00 UTC,1.0809360010519167,976695858.8552686,42913592.12755795
2024-08-12 00:00:00 UTC,0.9916501316339421,893676381.579717,46895960.552830026
2024-08-13 00:00:00 UTC,1.0412128323250747,940912391.2843155,40398750.7807587
2024-08-14 00:00:00 UTC,1.036084246356843,934676032.3976378,34929567.071029484
2024-08-15 00:00:00 UTC,1.0338154789915155,934173801.9720924,53582147.03420012
2024-08-16 00:00:00 UTC,0.9958418896055272,898871979.7733861,51915637.312657915
2024-08-17 00:00:00 UTC,0.9928863199615955,897127770.9355572,45995974.261498146
2024-08-18 00:00:00 UTC,1.0084377833862208,910104725.6877918,34839913.60702343
2024-08-19 00:00:00 UTC,1.006141822945233,909410751.2172288,36706527.76495147
2024-08-20 00:00:00 UTC,1.0200071404076794,921674150.6729556,30639864.119841725
2024-08-21 00:00:00 UTC,1.0198013317595807,921825816.8985065,30248631.63348797
2024-08-22 00:00:00 UTC,1.0410154383661874,942057010.103128,29108145.520843603
2024-08-23 00:00:00 UTC,1.048675239305142,948311847.3311672,29186520.78838846
2024-08-24 00:00:00 UTC,1.2386282936905948,1120296950.2097447,63246958.172886744
2024-08-25 00:00:00 UTC,1.2117547400950266,1095734690.7448146,51998506.65702909
2024-08-26 00:00:00 UTC,1.1641376644064734,1052713782.1138903,41674653.33564263
2024-08-27 00:00:00 UTC,1.0823866122824124,979986549.2718308,40621297.35136984
2024-08-28 00:00:00 UTC,1.0296727077450047,932224894.8573588,37094362.59459464
2024-08-29 00:00:00 UTC,0.9829061821898544,895277355.8031502,47004686.001356594
2024-08-30 00:00:00 UTC,0.9947726657742005,898737043.1995395,34943030.312540054
2024-08-31 00:00:00 UTC,0.9961459601275848,902162672.199164,28143570.828221343
2024-09-01 00:00:00 UTC,0.9462264895409538,858468590.8661065,25565099.906465515
2024-09-02 00:00:00 UTC,0.8676393892840673,790628645.0563359,35958849.427901566
2024-09-03 00:00:00 UTC,0.9169097810179958,832196436.8717517,29977546.49202705
2024-09-04 00:00:00 UTC,0.8730975901911175,794921567.0382737,32575251.089301907
2024-09-05 00:00:00 UTC,0.8824690145926162,801525107.1194767,39927112.9409872
2024-09-06 00:00:00 UTC,0.8622674605990813,782822277.4346877,33887235.59765402
2024-09-07 00:00:00 UTC,0.8315611197735419,755770980.9001542,42432967.581515335
2024-09-08 00:00:00 UTC,0.8399077930688764,763616559.2129529,28842065.057446208
2024-09-09 00:00:00 UTC,0.88655683259121,805844187.8040887,28618808.72272612
2024-09-10 00:00:00 UTC,0.9215576295446704,838582629.144362,35893272.82662269
2024-09-11 00:00:00 UTC,0.9676785678453705,877994129.0528075,35327608.002475545
2024-09-12 00:00:00 UTC,0.9266008147579071,841447700.6757046,46063285.30783968
2024-09-13 00:00:00 UTC,0.9369283248987847,851960138.4567462,28334162.082543463
2024-09-14 00:00:00 UTC,0.9499343773582049,864123219.2303952,31974804.18847109
2024-09-15 00:00:00 UTC,0.9462195678482993,860599845.5331352,28301387.913851112
2024-09-16 00:00:00 UTC,0.9020445098991515,820526123.9664636,26426381.310627755
2024-09-17 00:00:00 UTC,0.8922612195275904,812391257.9721886,28499032.428738117
2024-09-18 00:00:00 UTC,0.9426431610674855,857951243.4635283,31719724.05757627
2024-09-19 00:00:00 UTC,0.9557447371416081,868687021.9917864,33703686.03723546
2024-09-20 00:00:00 UTC,1.1033364481251549,1005358860.043661,76966294.48888145
2024-09-21 00:00:00 UTC,1.0762667155711276,979829185.3364156,62013550.770500906
2024-09-22 00:00:00 UTC,1.0747265941344335,979364972.0299265,34540744.85526627
2024-09-23 00:00:00 UTC,1.0406857530467,948642327.2469394,31543006.74131972
2024-09-24 00:00:00 UTC,1.0502770729927082,956841816.617503,32782791.521507137
2024-09-25 00:00:00 UTC,1.0622970550045994,967719434.2926265,36064634.70717598
2024-09-26 00:00:00 UTC,1.062686362958044,964293287.4651304,44824500.033981934
2024-09-27 00:00:00 UTC,1.1158087837584834,1016544467.9825794,57071179.76096393
2024-09-28 00:00:00 UTC,1.1474027468771666,1046458684.0460266,60166027.46314155
2024-09-29 00:00:00 UTC,1.1331239188442848,1033395227.0209512,38981206.31330444
2024-09-30 00:00:00 UTC,1.1162605691611844,1018414037.2911459,29521894.32349098
2024-10-01 00:00:00 UTC,1.0178277572023373,928687554.736603,38215429.44882274
2024-10-02 00:00:00 UTC,0.9203381242832126,840079751.7348963,49237150.89732248
2024-10-03 00:00:00 UTC,0.8885820979623111,811038239.3479275,36444901.57680019
2024-10-04 00:00:00 UTC,0.8787399368250947,802214696.7126824,33584377.735220544
2024-10-05 00:00:00 UTC,0.9146426883725621,834002877.2941551,31477528.47747255
2024-10-06 00:00:00 UTC,0.9233705104282856,843328191.1316538,21715794.86899612
2024-10-07 00:00:00 UTC,0.9370169619454206,856480030.0115719,20911351.769485842
2024-10-08 00:00:00 UTC,0.9380610162977221,857446470.3890105,31293978.24951747
2024-10-09 00:00:00 UTC,0.912660795501656,834777175.9808551,26585198.296690486
2024-10-10 00:00:00 UTC,0.8724151885839211,798111699.0573685,27931690.890909318
2024-10-11 00:00:00 UTC,0.8834816145785355,807403654.2867029,24523401.943617173
2024-10-12 00:00:00 UTC,0.9127824302548037,834955985.9243908,23413964.106296353
2024-10-13 00:00:00 UTC,0.9276433854783007,849056318.8325468,22843349.0515319
2024-10-14 00:00:00 UTC,0.9150136783459348,837218484.5527762,21024372.236015383
2024-10-15 00:00:00 UTC,1.0242517001058555,938658716.3418436,49463592.95776082
2024-10-16 00:00:00 UTC,1.000413199092223,915867553.3001775,50883457.35627817
2024-10-17 00:00:00 UTC,0.9604008621881996,878968334.9209683,30818025.395261597
2024-10-18 00:00:00 UTC,0.9301796358326959,849264700.3528998,25607773.10064797
2024-10-19 00:00:00 UTC,0.9568028098241899,876205040.6655264,26762230.191469107
2024-10-20 00:00:00 UTC,0.9508791195276566,871037180.9335608,21486684.94879649
2024-10-21 00:00:00 UTC,0.9868777303058189,903126370.3712045,25362396.92670452
2024-10-22 00:00:00 UTC,0.9666717178795509,884913058.909493,35188974.50216443
2024-10-23 00:00:00 UTC,0.9395654350293726,861305320.3229336,30066134.02512211
2024-10-24 00:00:00 UTC,0.9126431940260604,836066231.7391272,30319578.668053355
2024-10-25 00:00:00 UTC,0.917029497594652,839794051.8291175,28380437.752023276
2024-10-26 00:00:00 UTC,0.8250703978227825,755723814.5492976,36369058.48668079
2024-10-27 00:00:00 UTC,0.8291748833186722,760592711.1566706,31564786.28140851
2024-10-28 00:00:00 UTC,0.85772978335967,786995296.8261316,21218970.368838307
2024-10-29 00:00:00 UTC,0.8522770601361174,782790077.5990757,31122269.208359998
2024-10-30 00:00:00 UTC,0.9120326659003667,837236868.3115054,40956021.432670765
2024-10-31 00:00:00 UTC,0.927585717156333,851265299.2352409,46641483.469782434
2024-11-01 00:00:00 UTC,0.8812993347098599,809790861.0764449,36600891.626185834
2024-11-02 00:00:00 UTC,0.8523649359528481,782730727.6095737,36716860.429411165
2024-11-03 00:00:00 UTC,0.8201266638098819,753279473.541192,24597147.036479775
2024-11-04 00:00:00 UTC,0.7977956573916883,733966857.9415764,32193815.85199026
2024-11-05 00:00:00 UTC,0.7786706789535452,715854438.4290508,30354395.28665189
2024-11-06 00:00:00 UTC,0.8142427140420392,749373100.5758475,31445531.719954763
2024-11-07 00:00:00 UTC,0.9142666772923191,841709857.5069562,55726296.94262144
2024-11-08 00:00:00 UTC,0.8993589051554132,825808522.3444165,48846511.063862
2024-11-09 00:00:00 UTC,0.8875915234370174,816115602.495854,37350334.72838062
2024-11-10 00:00:00 UTC,0.9198574196045642,851273430.8940619,41877433.381818384
2024-11-11 00:00:00 UTC,0.9651334760648916,886099554.9926214,115019959.89198856
2024-11-12 00:00:00 UTC,1.0806829625050978,996658674.509353,159514940.62624526
2024-11-13 00:00:00 UTC,1.010919643753385,928318345.322081,118750012.64493896
2024-11-14 00:00:00 UTC,0.9478960363305482,875939223.4178085,116608315.03233635
2024-11-15 00:00:00 UTC,0.8902279378909657,815653447.7101781,89778120.48463257
2024-11-16 00:00:00 UTC,0.930502956733054,856887608.3353343,61449755.68484269
2024-11-17 00:00:00 UTC,0.9810760500330564,900115904.8549262,56569557.31476089
2024-11-18 00:00:00 UTC,0.9869905634393593,909456847.1010747,72914272.88156547
2024-11-19 00:00:00 UTC,1.021001069740923,940903301.5975107,93578357.7053177
2024-11-20 00:00:00 UTC,0.9555810928173828,880841325.4160517,45795168.59267424
2024-11-21 00:00:00 UTC,0.9345147222303424,862846377.1172794,46740175.71424969
2024-11-22 00:00:00 UTC,0.9784935396450196,901637661.0514404,58031264.17307902
2024-11-23 00:00:00 UTC,0.9732828281099811,897478511.6675394,51645439.27095072
2024-11-24 00:00:00 UTC,1.1219668727915948,1033546276.5654998,150663891.60090613
2024-11-25 00:00:00 UTC,1.0825275314048428,999792530.7641058,115275716.7730387
2024-11-26 00:00:00 UTC,1.0544557870462414,972613833.4947007,81577186.98192525
2024-11-27 00:00:00 UTC,1.0548372734349123,973145933.309943,83224870.32192136
2024-11-28 00:00:00 UTC,1.0753391708354592,991990053.217065,66371470.175176196
2024-11-29 00:00:00 UTC,1.1165301526214346,1030501857.4064786,72042530.67143464
2024-11-30 00:00:00 UTC,1.374435992168921,1258097370.7054932,127308697.12427852
2024-12-01 00:00:00 UTC,1.9637042175530381,1814838190.3928416,525371433.7004714
2024-12-02 00:00:00 UTC,1.6052553336249262,1482951241.314333,263382522.85787743
2024-12-03 00:00:00 UTC,1.4834644430389647,1371468353.7738075,179749398.47533372
2024-12-04 00:00:00 UTC,1.5230840172436655,1412570782.3871408,171330438.96381307
2024-12-05 00:00:00 UTC,1.637481013349804,1520679968.150844,193020778.80907565
2024-12-06 00:00:00 UTC,1.5774306701213388,1465358331.8879163,166717721.77503726
2024-12-07 00:00:00 UTC,1.5748670599845496,1459878750.6294203,105058416.47463283
2024-12-08 00:00:00 UTC,1.5655677877295198,1453949977.8732488,82770196.81558383
2024-12-09 00:00:00 UTC,1.5463230883499317,1434646933.8577511,74709324.77585639
2024-12-10 00:00:00 UTC,1.2313521947512105,1139420117.231105,146903159.79170683
2024-12-11 00:00:00 UTC,1.1952433348673366,1108403743.3333027,122077312.33322154
2024-12-12 00:00:00 UTC,1.3007596599416327,1205080074.362969,101931741.500674
2024-12-13 00:00:00 UTC,1.3306556710881783,1233830675.2334578,110833309.45087962
2024-12-14 00:00:00 UTC,1.4727707084350499,1366270542.6041586,151361006.66791695
2024-12-15 00:00:00 UTC,1.3813554199705838,1283312060.2597265,84121651.32393268
2024-12-16 00:00:00 UTC,1.3808529063576018,1288028409.5293338,62796139.635070555
2024-12-17 00:00:00 UTC,1.345859700667408,1251848619.450298,68419423.59152633
2024-12-18 00:00:00 UTC,1.2687100322404448,1180262775.827391,65213269.204682134
2024-12-19 00:00:00 UTC,1.1431960310091926,1059749051.1953287,90982183.34750116
2024-12-20 00:00:00 UTC,1.1174547521117544,1039028619.0336431,119726833.78976315
2024-12-21 00:00:00 UTC,1.1468735463699609,1065506512.7742474,113040239.11612418
2024-12-22 00:00:00 UTC,1.1403647109633803,1060392699.4311074,101085750.72221795
2024-12-23 00:00:00 UTC,1.0671974499630215,991990753.5599246,51538234.509881146
2024-12-24 00:00:00 UTC,1.123231649400827,1044958210.0027487,70885762.52336733
2024-12-25 00:00:00 UTC,1.1505999207189763,1070943946.7191075,47404521.93608659
2024-12-26 00:00:00 UTC,1.1718336991813325,1089296499.9247792,69942756.08095443
2024-12-27 00:00:00 UTC,1.1044479424049578,1026921423.6261195,43682708.892410666
2024-12-28 00:00:00 UTC,1.1276352346804968,1048501788.105723,43799516.541288346
2024-12-29 00:00:00 UTC,1.129489882812784,1051175610.9329408,27164400.972635444
2024-12-30 00:00:00 UTC,1.089765901407115,1016933771.2060595,33717715.82664941
2024-12-31 00:00:00 UTC,1.0535846143305487,981303572.7032833,44864647.916928954
2025-01-01 00:00:00 UTC,1.051735258271535,980521319.3381736,40630040.34554978
2025-01-02 00:00:00 UTC,1.0787042266340303,1003948963.8704865,22731433.44132461
2025-01-03 00:00:00 UTC,1.1969372082397574,1113310307.0176103,94311509.6119868
2025-01-04 00:00:00 UTC,1.1989076729436858,1117410234.3944879,53289751.120207995
2025-01-05 00:00:00 UTC,1.188320535033558,1108235228.060541,46613513.9234047
2025-01-06 00:00:00 UTC,1.223605405347493,1141824355.117604,46014026.55508243
2025-01-07 00:00:00 UTC,1.2461931324893425,1161827883.854521,57599447.97025068
2025-01-08 00:00:00 UTC,1.0826040420640741,1011886460.4281796,69627759.45122011
2025-01-09 00:00:00 UTC,1.0419327493559793,973722416.1726694,56838745.024219595
2025-01-10 00:00:00 UTC,1.0025839853409895,934606360.6244595,45679862.13004622
2025-01-11 00:00:00 UTC,1.0067407180488774,941094663.1690825,41849782.039546065
2025-01-12 00:00:00 UTC,1.0181278087486014,951630338.1240346,21906369.29870932
2025-01-13 00:00:00 UTC,0.9891897598020806,923085091.1951393,18250841.591153968
2025-01-14 00:00:00 UTC,0.9251018347994641,864148900.1963003,54365683.573539115
2025-01-15 00:00:00 UTC,0.9553594722638143,892110292.465833,35541488.788296
2025-01-16 00:00:00 UTC,1.0190684600948767,952434025.4564756,43038994.86060307
2025-01-17 00:00:00 UTC,1.0007404325385667,934290842.4254067,40052527.82741058
2025-01-18 00:00:00 UTC,1.04781088888081,979669958.9530412,48479195.2775598
2025-01-19 00:00:00 UTC,0.9517464243852444,890627855.441172,53538858.35399342
2025-01-20 00:00:00 UTC,0.8312995439351464,778114262.642521,86440343.456638
2025-01-21 00:00:00 UTC,0.8244918561468529,769071934.129764,85927600.75876836
2025-01-22 00:00:00 UTC,0.8551214184816689,800432758.4984068,54052990.93182498
2025-01-23 00:00:00 UTC,0.8397214259660855,785893904.5071317,35277219.08277305
2025-01-24 00:00:00 UTC,0.8253909656359324,773152997.0608798,43432711.378077425
2025-01-25 00:00:00 UTC,0.8147960449851812,762786166.6541296,42177562.41910455
2025-01-26 00:00:00 UTC,0.8240619415238983,773848032.43647,27129985.71416559
2025-01-27 00:00:00 UTC,0.8089955577019515,757523270.5047395,27191736.6030603
2025-01-28 00:00:00 UTC,0.7163111265367783,669865589.6094388,66677373.18023515
2025-01-29 00:00:00 UTC,0.6669237075605218,624749422.123905,34286977.438942954
2025-01-30 00:00:00 UTC,0.6945474764216171,651184561.8160166,35669225.233004525
2025-01-31 00:00:00 UTC,0.7167434113297181,672504915.3934563,31083957.646862924
2025-02-01 00:00:00 UTC,0.723714764327478,678584300.1241157,31365173.208013196
2025-02-02 00:00:00 UTC,0.6655639595330033,625911458.046614,29352374.868944168
2025-02-03 00:00:00 UTC,0.5441013107141067,513249006.74337137,41245524.86987086
2025-02-04 00:00:00 UTC,0.5526709201887292,518580842.61155105,71066092.02980877
2025-02-05 00:00:00 UTC,0.5423892359415321,509037627.3971764,36367216.948040165
2025-02-06 00:00:00 UTC,0.5394891492734022,505023296.47954977,39287217.5498858
2025-02-07 00:00:00 UTC,0.5159952498805305,483780076.0779591,39435672.27729604
2025-02-08 00:00:00 UTC,0.5188384953725818,488323012.95201695,42936846.78194962
2025-02-09 00:00:00 UTC,0.5329673564062469,501591555.185565,31395679.56068376
2025-02-10 00:00:00 UTC,0.5265072362811898,495843629.8477356,31900855.913628634
2025-02-11 00:00:00 UTC,0.5343875764946296,502717765.55112547,35733646.19428364
2025-02-12 00:00:00 UTC,0.5459644815502996,512612698.62881494,18352868.365333322
2025-02-13 00:00:00 UTC,0.5526432379528256,519267285.5007603,43134127.51174182
2025-02-14 00:00:00 UTC,0.5373673756609931,505321677.6387857,40988610.959889874
2025-02-15 00:00:00 UTC,0.5516190325497674,547465127.6621507,46369555.546300896
2025-02-16 00:00:00 UTC,0.5504137957363471,547473887.1718498,33746669.85980974
2025-02-17 00:00:00 UTC,0.536447600630871,533393993.4280401,27450712.0116705
2025-02-18 00:00:00 UTC,0.5316442276193276,529005854.243419,33315378.677032817
2025-02-19 00:00:00 UTC,0.4973928833533846,495091190.66186893,39433809.32562599
2025-02-20 00:00:00 UTC,0.5088270639711703,506223792.68022424,32767235.15730507
2025-02-21 00:00:00 UTC,0.5166058603790843,514484743.249361,34943728.767317586
2025-02-22 00:00:00 UTC,0.5342936158295034,533645892.7934678,54978680.25859432
2025-02-23 00:00:00 UTC,0.5286820656593116,526327164.5300033,35137598.34886325
2025-02-24 00:00:00 UTC,0.5181615512505434,516014363.52411765,25378828.929771055
2025-02-25 00:00:00 UTC,0.46376201796980643,461873543.1284783,42132850.812379405
2025-02-26 00:00:00 UTC,0.493226109269336,491121131.98600113,51949196.25291533
2025-02-27 00:00:00 UTC,0.49350295698045754,491537972.28112996,42236088.55973147
2025-02-28 00:00:00 UTC,0.48712333090719423,484857566.4760032,41755345.70792877
2025-03-01 00:00:00 UTC,0.48229962480153427,480476294.2562195,52071587.81944979
2025-03-02 00:00:00 UTC,0.47985461981298194,477215329.56029546,31873188.295293488
2025-03-03 00:00:00 UTC,0.5358063501061853,533332084.7533082,45870756.377376094
2025-03-04 00:00:00 UTC,0.47182465793436296,470973231.0199101,56488871.76556564
2025-03-05 00:00:00 UTC,0.4776534819923794,476572959.51496804,53134389.315640934
2025-03-06 00:00:00 UTC,0.48079028589088596,478865368.50947964,35629885.53411446
2025-03-07 00:00:00 UTC,0.4665399709983324,464295068.94890285,33245162.4322744
